UUID,first_name,last_name,salary,dept_name,salary_increment
52518c2f-b4ef-49dd-ac0d-b3dc434f7410,Porter,Cain,9067,Sales,17
64976e4b-1bc7-4ab5-b92c-3062e0eee687,Wesley,Duncan,4820,Sales,17
c98d54b5-f120-4dd0-aea1-027561dda4b3,Charles,Martin,9030,Marketing,16
5bc04c39-40f6-4a34-a1df-ab62015c1788,Philip,Timon,5468,Sales,17
9e0c0cb4-f4fb-46da-b837-8803a504e13e,Ronan,Flynn,6241,Sales,17
a65e1cd6-0baf-430e-ad7b-b6ac5627e989,Samson,Dolan,6855,IT,15
cddbd545-bc45-49d2-bb24-b4e81b1a6fe6,Ezekiel,Bert,5907,IT,15
803ff948-a418-4627-af2f-280186745e11,Brendan,Tyrone,9470,Sales,17
ef0d650c-f881-4adb-abb3-606263fc0407,Macaulay,Timon,9861,Marketing,16
ed9f21d6-159c-40db-a6b5-22f76d1fafda,Omar,Ray,6198,IT,15
10a3de65-456b-4c7a-8668-1b211cb5cf5b,Travis,Kenneth,7465,Sales,17
ee0e58f7-d036-4aac-a5a7-47d92c19d795,Allen,Cedric,4506,IT,15
87f42267-fa20-47dc-a3b9-d206d02d14d2,Tiger,Elliott,5489,IT,15
e39d5a06-a76e-4cf7-944f-6d54ad92a7bc,Fitzgerald,Blaze,8538,Finance,10
8c2e2052-cae7-4141-8c00-ca40cf9becea,Akeem,Caleb,8852,IT,15
e91a3889-03ab-4b2e-91ab-38eb2d83bee1,Aaron,Brandon,6128,IT,15
2f06c3f7-29c6-4c28-b2b1-b82fc04760b9,Chase,Rajah,4391,Marketing,16
4ea3c041-43dc-4e81-8db8-a98d6402210c,Rajah,Tucker,5650,Marketing,16
2cedf14b-6dab-432f-970f-efa8b3a6d878,John,Tad,9037,Finance,10
487effb9-0be9-4d13-adcb-788b4ab8dd73,Alexander,Kieran,7923,Sales,17
8e87264b-5357-4534-85f4-4632acf0f5ac,Wyatt,Kuame,4817,Marketing,16
1b39012e-d19a-46db-93d4-e5de548d6c7e,Zahir,Roth,3749,IT,15
a4951712-27b1-4e26-9a03-070e278150b1,Benedict,Lance,8397,Sales,17
401f091d-9011-4b80-931e-3cfa9525126f,Keith,Reuben,9660,Marketing,16
ebb36f20-4c29-4d2a-9270-3d9cd2e1cc84,Dante,Mohammad,8446,Sales,17
97f72e29-5b5a-42d4-a439-12ec4bcddcb9,Len,George,5995,Sales,17
38c1fd99-4466-4887-bed6-c5da9d92428f,Castor,Baxter,8336,IT,15
fd34bc77-edf8-44f9-b16b-6f6da03fa4c3,Keane,Jerry,4836,IT,15
6d4b70bc-b88a-429d-b91c-11551b9c5f31,Jasper,Forrest,6501,Marketing,16
f87d628c-5eea-46e4-b985-df129aa2c594,Judah,Malcolm,3846,Sales,17
e12e7043-af31-4e93-8b48-a59b303da10a,Jamal,Sylvester,5527,Marketing,16
afb01cc2-d089-4359-b4fc-34c6bd9be39e,Dolan,Lionel,4882,Sales,17
e370cfc6-0cba-40f5-839d-0d54a9db2845,Hiram,Oleg,5265,IT,15
1b86e9ca-719e-4061-a6b7-d08ee60cc958,Lance,Ivor,9832,Sales,17
93453109-2dd7-4481-9d57-9e24948f1a03,Castor,Kasimir,4600,Finance,10
927cc846-0e4e-4b46-9815-502b38e7735c,Fletcher,Robert,8825,Sales,17
e46c8d67-8cbd-4c82-99bd-9061a23eb370,Brady,Warren,5986,Finance,10
1710f305-a03f-4775-b7e2-b4cb0bee2f00,Henry,Zachary,4988,Marketing,16
ba2dc611-a7dd-444b-ae37-62b16c3b4424,Quinlan,Elliott,7503,Sales,17
602c3f59-d3b1-4f87-a526-56a5f9ad78ef,Brenden,Wang,9905,Marketing,16
f4590976-1885-4392-826d-384902b2416d,John,Nash,4269,IT,15
c433f76d-feee-4846-bc3e-42e543c4d59f,Reece,Linus,5575,IT,15
39283910-6dec-4bfe-9464-eeb361afa766,Blake,Brett,8617,Finance,10
c048ed4c-65b5-4755-b563-4cca26d871cd,Cain,Chester,6241,Sales,17
36b72d17-8b0b-4535-8190-ea3acb1a32ac,Lamar,Nigel,9964,Finance,10
a9d6a28e-f599-42c4-a117-4759a106697a,Lance,Zeph,6777,Sales,17
90c60169-6a13-40fd-9a84-1096722a404b,Allen,Robert,6163,Marketing,16
0ca32af4-b9a9-4c45-a10d-cb4c93a85d9f,Arden,Gage,4779,IT,15
50990069-748a-4f56-91a7-ca224647b603,Curran,Lane,5201,Sales,17
a1b1d623-28ba-4720-8de9-fa3afe96d6e1,Bernard,Hakeem,4554,Sales,17
bce66f68-2132-40ff-a242-84d851d4afd8,Howard,Fletcher,6292,Sales,17
d5f1bed3-bc81-4cd0-97b6-caa856e12b07,Cain,Sean,7353,Sales,17
2b0d1cc4-2227-44d5-bb26-1b9cedcccb22,Barclay,Carter,6727,Sales,17
ae5250b7-fc06-4328-b99b-ff20b4618dea,Hall,Samuel,8096,Sales,17
2f1d1cfb-1d0e-4f62-bc6c-bd1b6cbbb176,Herrod,Hunter,8748,IT,15
8c9cb69e-a646-4e19-be04-daa66564b2aa,Dolan,Tiger,6326,Marketing,16
1e4aa8fa-4da5-4f6d-9d45-0833982b7ec4,Leroy,Nehru,8460,IT,15
b9519270-89c7-4419-a2d6-a21415cccf31,Nathaniel,Ray,6573,Finance,10
6b54c7b2-d797-4aa1-b63d-30299efbc29f,Callum,Nehru,8337,Marketing,16
9cb9baf1-ab06-4aa8-abea-603e73120903,Odysseus,Myles,5630,IT,15
c4da3944-15e0-4bfb-9971-bd01b67f8fa1,Reese,Dexter,7340,Sales,17
1a583886-8518-4a12-9230-dfddc211f770,Hu,Omar,8507,IT,15
9b5eefc1-0a89-4eb9-95e3-947cf6a94ad8,Igor,Drake,6006,Finance,10
94864bfc-c0c9-4b1d-97f7-e9fe3e7ad256,Maxwell,Nathan,9322,IT,15
29e5e183-921c-4074-ba11-dc18ebc877ba,Kirk,Sean,9218,Sales,17
2deb8c0b-5830-4b78-8def-36579f7d7f3d,Kibo,Ali,4875,Sales,17
9abbf7aa-79eb-428c-9f90-97ad47831d92,Curran,Norman,8462,Sales,17
3916a865-2490-4f0b-80bd-85003c24532b,Kyle,John,9167,Marketing,16
04c22aa9-7f6b-41ac-ad5b-b029ec0bc54e,Leo,Valentine,4732,IT,15
46d1c58e-7367-4373-94aa-c458f6180be3,Jeremy,Hiram,8249,Sales,17
03b4739d-672d-4f7b-b12c-09fc4b9d0fab,Jesse,Aquila,7716,Marketing,16
d6e6c3c6-6c35-47d6-910c-7683d903824e,Alvin,Noah,5270,Sales,17
93343cc1-ef6b-4408-8daf-c8edb61d6887,Jin,Emery,8790,Sales,17
8f6ea185-4401-478a-a070-9e61d80ba130,David,Cyrus,9179,Sales,17
389a5294-f245-4c5b-858a-c3367f5f9c80,Quinn,Oliver,5513,Finance,10
c2277c7a-6b7a-44a8-ab5b-687f61f6cd16,Charles,Kuame,9813,Marketing,16
a3b6ebe1-1f0e-4d5c-8685-43ff29d4839e,Kyle,Graiden,7126,Finance,10
1c422a07-6430-40b8-a670-20804da4f631,Orlando,Reece,3815,IT,15
0531b3cc-bcec-4a7c-b752-63174447a029,Erich,Nathan,8612,Finance,10
415569f7-bbd5-46cd-b79d-4610b5822fc6,Jonas,Robert,8584,IT,15
fd1691f2-bb80-4418-a6e0-2e553556613f,Callum,Gage,8065,Marketing,16
21b9772d-a64c-4750-81ae-64caac9b9566,Reuben,Holmes,9530,Sales,17
e55d6a56-8874-45c6-a713-7200289691c6,Magee,Jarrod,8405,Sales,17
b292e810-a28e-41c7-bb57-82f94d117a15,Daniel,Abraham,7314,Sales,17
6fb1b02c-c64d-4ae9-84a6-b5cd2884dbf6,Clayton,Jarrod,4102,IT,15
155a23d1-92dd-4dc8-99d3-173bd07115e1,Adrian,Yasir,4967,IT,15
0795f98d-66e0-4d5e-a4f4-a163742f8c6b,Colt,Timothy,7724,IT,15
265d1bfb-46af-4409-89a6-75e8818db713,Nissim,Odysseus,8786,Finance,10
5d109eb9-9f32-42ca-9a95-a48d0154f1ab,Ira,Dalton,6090,IT,15
ec6e153d-8c7e-4fc5-a83e-395423958dc9,Donovan,Sebastian,4136,Sales,17
5620d13a-441b-424e-85ca-213f18ac5114,Tiger,Edan,8496,Sales,17
3c8b9b2d-d1da-4019-8283-34163aefd8a2,Oscar,Coby,8350,Finance,10
54d0c2e0-6c26-4953-bb84-6cd86440d748,Raymond,Yoshio,8417,Finance,10
6396dd4e-ff4a-4206-8412-46efd9abfe90,Dustin,Axel,8801,Marketing,16
51bc8e51-a58f-41ec-b9e9-14d7ceaedb9c,Dolan,Elton,4710,Sales,17
4520cfcb-74dd-465d-89bf-ed972f55afae,Leroy,Magee,7965,IT,15
42297b7b-4048-41c5-b392-a7b3d48a470a,Brendan,Kane,9666,IT,15
b8c55e02-de2c-498d-917d-f2b05dd2c037,Kamal,Steven,3850,Sales,17
c287acea-a7cf-45a4-ad72-1164856da9fa,Lance,Michael,8576,Finance,10
d1c0ea6d-0af1-4834-b32f-99d57882e62d,Fritz,Carter,6282,Sales,17
dcb9a4ab-3f5b-431e-a229-35ed20e77ee0,Camden,Ethan,6058,Marketing,16
a1dde350-6989-43d0-b475-90d669fcad8e,Simon,Ivan,9749,Marketing,16
a3c32089-f57f-4948-af6f-970e48acb5d2,Kuame,Neville,7373,IT,15
57808e85-90d9-4d35-bf05-49c8d33c1df8,Michael,Erasmus,3732,Sales,17
ab13711e-e313-43e7-90b5-4700417ae514,Caldwell,Mufutau,6844,Sales,17
0fea2f43-7851-4b60-9f25-0a6f48b75d2c,Dillon,Gregory,7478,Marketing,16
15f12fc0-490f-4612-a594-a948c3c64017,Hoyt,Colby,9838,Sales,17
f3911c83-bdc7-4abe-942f-72589c5f4246,Emmanuel,Demetrius,4786,Finance,10
63217642-3c85-48c1-8d69-76309f2ec34a,Demetrius,Damian,7692,IT,15
c042040f-5e10-4ca3-9260-03517a13fb60,Avram,Garrison,4141,Sales,17
4ebe19f2-b289-471e-9ce0-d5b19341241f,Daquan,Honorato,4402,Finance,10
76f96067-908f-46e9-9449-c2ab7011a1fb,Ciaran,Ronan,7598,IT,15
5e6ae640-1fb7-40f6-8da6-6a4f079de947,Vance,Alan,5598,Sales,17
0d15e23e-a8eb-454a-b1d3-861f6b205e6e,Wade,Neil,7799,IT,15
4fa7c3b7-8aea-49a0-b787-c6eb1d514fdf,Jerry,Dustin,5551,Marketing,16
c7e6e8c6-f284-4930-9da1-b639f2b435e6,Magee,Abel,3791,Sales,17
b9e21ee5-85ed-474a-aeb3-4625806883fc,Joel,Tiger,5323,Finance,10
4420f472-a513-4bb5-be2a-02ba3d198419,Wylie,Micah,4025,Marketing,16
1690e760-2ba0-4e95-b2d4-1c2acd5db082,Randall,Deacon,9515,IT,15
ffe8159d-058b-4ed5-9d4c-f24b6b59836d,Josiah,Lee,8113,Sales,17
9e1eaef2-096b-49e4-8bc6-a8dfde6b0da5,Thane,Phelan,4957,Sales,17
44e92cb3-8de2-4768-9850-4b10c1e543a4,Wang,Ronan,9319,Marketing,16
ade8cf6f-8adb-4170-a74b-34b5c1d30fd0,Emmanuel,Julian,6888,Sales,17
9939dc06-76ed-4dd5-80cf-8c8a6d1020e6,Bruno,Louis,9907,Sales,17
736ef51d-39e4-48a5-9cb1-95f189a9cd6b,David,Abraham,8552,Sales,17
633ac696-3044-47e2-9232-d8c7dbc00baa,Lucius,Simon,7978,Finance,10
bcb670a0-529a-406c-ad24-b86570d4f04f,Austin,Deacon,8038,Sales,17
57930057-4b1b-47ea-bf49-ebee51f84cef,Elliott,Arsenio,7078,Sales,17
be7a9e5c-947c-4018-a0d1-7404c28cd0fd,Brendan,Dean,9529,Marketing,16
30473f92-e037-4e80-a02d-8e225b361454,Abdul,Steven,8798,IT,15
0e8c7f61-d892-4be8-95ca-b67cdf8c0944,Chester,Isaiah,4573,Marketing,16
17460feb-5e25-4a12-82e0-bf4bcbaa427b,Beck,Walker,7077,Sales,17
2999f573-f6d2-48d7-ab8b-76223901704d,Fletcher,Derek,8153,Finance,10
971ea1c5-6c4f-4b32-b832-7ad73e980e5e,Lionel,Bradley,9501,Sales,17
efee9120-365d-41be-9413-ebe852b43e46,Damian,Ralph,5110,Sales,17
830993df-84e3-4833-b39e-294d20638636,Brendan,Carl,6079,Sales,17
d4cb7b75-91d6-4a8e-9595-d079e2d5a742,Wesley,Linus,5143,Sales,17
ed305de1-d275-47b1-96f0-f09bb2cc8de5,Jonas,Keefe,6626,IT,15
166ae388-5fe6-401e-b96b-4dd414d6d795,Ahmed,Dexter,5307,Finance,10
0a4ed67d-d9f4-43f6-b6fc-fd18f91745f2,Owen,Hoyt,6314,IT,15
4caeee0a-47b1-4c56-830d-d40a5ed41d67,Abel,Uriel,8462,Finance,10
8f04ae4e-5ae3-4f10-bf62-ade9a5e42488,Hunter,Hop,7720,Sales,17
3c020581-614d-4ac3-a433-67dbc1ee6c06,Kenneth,Keegan,3606,Sales,17
33173e4b-74cf-449d-9163-d2283ffaa2bf,John,Addison,8036,Sales,17
9319b80c-cd41-4beb-aabc-6322e2e99d8e,Malik,Macaulay,5444,Sales,17
47feb741-90bb-4757-93f8-1a00c5fa6a59,Ali,Vance,8993,Marketing,16
f976a4a3-f3d5-4010-a15c-ef1830717dc8,Lucas,Marshall,7499,Marketing,16
331e0a91-d0b3-4a52-bb2d-284a74fd00c9,Edan,Keith,5150,IT,15
023500c5-5286-42c8-9cb3-a61e3a2a0aff,Quinlan,Griffin,4170,IT,15
e7d51490-d549-4646-8d8f-939218308424,Hamilton,Vincent,3849,IT,15
e9e77aa2-7232-498b-8af3-6a6de84483dd,Joel,Mufutau,7248,IT,15
627d5d23-d98f-432c-ad09-1cea06041828,Jarrod,Uriel,9679,IT,15
77b250fe-aed1-48a3-9e69-31c1cab2f782,Declan,Elton,4414,Sales,17
6b546b6c-6476-4f9f-b3ef-281a53f825be,Rogan,Chadwick,5757,IT,15
2286452c-58c8-4430-a4fd-05772a11335d,Byron,Gregory,7476,IT,15
a20421c6-05dc-427b-88bf-23ce44a1599e,Lester,Isaac,3639,Marketing,16
56bc76e1-f892-4046-ba05-037a0b8103f8,Malachi,Carter,6508,IT,15
bafe8a48-ed56-49d6-aac4-a39c7c2e02a2,Jerome,Lester,6285,IT,15
ed619f8c-90ff-41ff-8b8f-699359ab7bb4,Lucian,Shad,8174,Marketing,16
6242c82a-b006-41e3-bd33-2c93d3e423cd,Stone,Jameson,9354,Finance,10
b03c4c86-acd3-4bb2-86dc-d97c0eebe965,Noble,Cedric,7500,Marketing,16
624682a9-1c45-4834-9710-2af22a0e76c6,Barry,Jarrod,4905,Finance,10
1a956e3b-38d5-4538-8b50-bbad85f6c351,Sean,Keith,5583,Marketing,16
0d3f1e68-1be2-40aa-be87-c75bbcd0a28f,Jermaine,Ezekiel,6507,IT,15
e4dffa03-2445-49e1-897b-84310b192d31,Robert,Micah,7712,IT,15
c145aeaf-3f1f-42ae-8506-b5ab7e762d81,Darius,Mufutau,3901,Finance,10
5cba528b-8bf5-465b-8279-f1224b6c54fd,Ivan,Dennis,4048,Sales,17
26084122-e514-4fb5-b14c-6516f0d20b53,Kane,Abbot,3751,Marketing,16
55af86c9-7737-4e4e-9e0b-e3ed9f20e259,Ethan,Lyle,5197,Finance,10
4551fc19-acf1-4c68-a66b-38e386e04ae0,Merritt,Vance,6542,Sales,17
69df6c91-c824-4382-855e-638baa69b4f3,Walker,Benedict,5627,Finance,10
7505d17e-37e7-44b6-b574-6dacd0805741,Arden,Hector,8666,Marketing,16
fc7343bb-642e-46e5-ba54-906a0d2144e9,Fritz,Alexander,8081,IT,15
2aae8523-26b6-494b-b200-00dece7722a7,Ezekiel,Coby,7672,IT,15
fc12b344-b061-4c0b-b4a8-f9625d0a71bf,Mannix,Hoyt,8116,Marketing,16
d737f35d-60f6-48d8-8808-35e4326828b7,Todd,Cole,7037,Marketing,16
a1868880-4cfd-43a8-b417-b7ec5f06c57e,Clinton,Jared,8621,Marketing,16
4a01d2df-8491-4d80-9426-ff23bc9add0b,Rashad,Ferdinand,6568,IT,15
bad77ef3-6cb3-44b2-af14-e530b5b564dd,Oliver,Gary,5158,IT,15
48f73863-660a-48ce-9b40-9e1af873c082,Julian,Norman,8412,Marketing,16
416830f6-28ef-402a-9721-499da50d4c13,Driscoll,Burke,7674,Sales,17
0497ae05-d76e-44bb-8107-3b1231836d62,Calvin,Jacob,5707,Finance,10
b522e079-17a6-4b49-b3b8-46edb8c969a9,Rooney,Abbot,6973,Sales,17
4ff21b6f-f82a-4cf8-ac86-dc6c462d0719,Joel,Gannon,8741,IT,15
f9a9e015-a316-47b2-973c-d1e81b13172a,Avram,Martin,5641,Finance,10
1fe87ce2-8f76-45c2-95a5-b6a31258a3c0,Declan,Hashim,9290,IT,15
8bb829a6-260c-40da-9491-f243fb04c94e,Jarrod,Macaulay,4590,Sales,17
201f7d20-60d5-4c36-bff2-27f6ca6dc176,Ahmed,Brady,5419,IT,15
f70b966e-1a2d-4191-9729-2666f0bd2e97,Ulric,Byron,7495,Sales,17
ab09a55f-ddd2-45e1-be27-1ac43e9a9d73,Dorian,Fletcher,5123,Sales,17
11855f1b-c94c-409f-a69e-81a298ba2db9,Hoyt,Honorato,9346,Marketing,16
8ee70971-8f4a-4a10-8f16-20516d811416,Emerson,Laith,6522,Sales,17
2d75e463-e591-4f07-b654-44dac31c76c0,Aristotle,Galvin,4681,IT,15
59ec09d5-5c54-4fe1-832e-9dcbdf2d9a7b,Talon,Cooper,6048,Sales,17
732ae8a2-5596-405d-b28a-fe95f31c1afa,Emery,Basil,9229,IT,15
5b3aec2a-747b-4da7-a14e-a63fc21dd570,Walter,Lester,3864,Finance,10
532f8713-25a3-48d0-9a85-1a926c065a7b,Graham,Ian,3775,Sales,17
49d97e7d-f815-4d13-9093-8ee4aaedf9a9,Troy,Merritt,6298,Sales,17
55b701eb-9f74-4ce7-ad3f-99d39b81fb63,Quinlan,Garrison,4108,IT,15
5dbe5dcf-fe28-4416-a376-c0b15854bf05,Kennedy,Bradley,4688,Sales,17
